{"cameraMode":{"drawMode":0,"name":"Shaded","section":"Shading Mode"},"sceneLighting":false,"audioPlay":false,"sceneViewState":{"m_AlwaysRefresh":false,"showFog":true,"showSkybox":false,"showFlares":true,"showImageEffects":true,"showParticleSystems":true,"showVisualEffectGraphs":true,"m_FxEnabled":true},"in2DMode":false,"pivot":{"x":0.3417355716228485,"y":0.3886805772781372,"z":0.1709681749343872},"rotation":{"x":-0.2806510627269745,"y":0.07247272878885269,"z":-0.021256737411022188,"w":-0.956835150718689},"size":1.3435349464416505,"orthographic":false}