{"cameraMode":{"drawMode":0,"name":"Shaded","section":"Shading Mode"},"sceneLighting":false,"audioPlay":false,"sceneViewState":{"m_AlwaysRefresh":false,"showFog":true,"showSkybox":false,"showFlares":true,"showImageEffects":true,"showParticleSystems":true,"showVisualEffectGraphs":true,"m_FxEnabled":true},"in2DMode":false,"pivot":{"x":0.009108781814575196,"y":1.335691213607788,"z":0.05195140838623047},"rotation":{"x":-0.3235849440097809,"y":0.47775521874427798,"z":-0.19483967125415803,"w":-0.7932036519050598},"size":2.044201612472534,"orthographic":false}