{"cameraMode":{"drawMode":0,"name":"Shaded","section":"Shading Mode"},"sceneLighting":true,"audioPlay":false,"sceneViewState":{"m_AlwaysRefresh":false,"showFog":true,"showSkybox":true,"showFlares":true,"showImageEffects":true,"showParticleSystems":true,"showVisualEffectGraphs":true,"m_FxEnabled":true},"in2DMode":false,"pivot":{"x":-2.8263516426086427,"y":-21.33925437927246,"z":-14.949275970458985},"rotation":{"x":-0.023174436762928964,"y":0.8864508271217346,"z":-0.4601581394672394,"w":-0.04471831023693085},"size":15.796255111694336,"orthographic":false}